"Text","Image URL","Tags","Posting Time"
"Een accountantskantoor stond op het punt een ton aan licentiekosten te betalen voor een tool.

Die post is van tafel.

Waar het om ging: het jaarverslag. Elk jaar hetzelfde skelet, elke klant andere cijfers. Exporteren, kengetallen narekenen, toelichting schrijven. En dan nog een keer, omdat de directie een compactere versie wil dan de bank.

We koppelden een agent aan hun administratie in SnelStart. Hij leest de cijfers rechtstreeks, dus geen export die een dag later niet meer klopt. Hij levert een compleet bestuursverslag: balans, resultaatbestemming, continuïteit, en een tabel met de kengetallen.

In die tabel staat current ratio 2,13. En ernaast staat waaruit dat is berekend: vlottende activa gedeeld door kortlopende schulden.

Dat lijkt een detail. Het is het hele punt.

Een accountant zet zijn naam onder dat verslag. Niemand tekent voor een getal dat hij niet kan navertellen. Een agent die alleen het juiste antwoord geeft is dus nog niks waard. Hij moet laten zien hoe hij eraan komt.

Zit er in jouw kantoor ook zo'n stuk werk dat elk jaar terugkomt? Eén call van 45 minuten en we zeggen eerlijk of een agent het aankan.

#AIagents #Accountancy #SnelStart #Automatisering #MKB","https://soratus.com/social/01-ton-licentie.png","","2026-08-04 08:15"
"Bij een zorgpraktijk scheelde dit 400 uur per jaar. Tien werkweken, aan werk dat niemand leuk vindt.

Ze dienen elke maand honderden declaraties in. Zilveren Kruis, VGZ, CZ, Menzis, ONVZ. De betalingen komen terug op eigen tempo, vaak gebundeld en zelden met een net declaratienummer.

Het afvinken is vervelend, maar te doen. Het venijn zit in de rest.

Een bedrag van 8.950 euro voor een verrichting die 89,50 kost. Een behandeldatum die ná de indiendatum ligt, dus is er ergens een dag en maand omgedraaid. Twee keer hetzelfde declaratienummer, waarvan de eerste al is uitbetaald. Een declaratie die 90 dagen na de behandeling is ingediend en daarmee buiten de termijn valt.

Dat vind je niet terug door harder te zoeken. Dat vind je door alles te vergelijken.

De agent matcht declaraties met betalingen, benoemt wát er mis is, en draagt de vervolgstap aan: opnieuw indienen met de correctie er al bij, laten vervallen, navragen bij de verzekeraar, of het niet-vergoede deel bij de patiënt factureren.

Een declaratie die je vergeet is honderd procent verlies.

Wat kost dit soort uitzoekwerk jou per maand? Eén call van 45 minuten, dan reken ik met je mee.

#AIagents #Zorg #SnelStart #Declaraties #MKB","https://soratus.com/social/02-declaraties-carrousel-slide1.png","","2026-08-06 08:15"
"""Onze data gaat niet naar een AI."" Terecht. En het hoeft ook niet.

Dit is het bezwaar dat ik het vaakst hoor, en meestal is het het enige dat een project tegenhoudt. Begrijpelijk ook. Je klantgegevens in een chatvenster gooien van een partij die er een model op traint is geen plan, dat is een risico.

Dus zo doen we het niet.

Alles staat EU-hosted. Er wordt niet getraind op jouw data, nooit. Onze hostingpartners zijn ISO 27001-gecertificeerd. Elke actie van een agent staat in een audit-trail, dus je kunt achteraf zien wat er is gebeurd en waarom. En er ligt een verwerkersovereenkomst volgens artikel 28, zoals het hoort.

Wat mij opvalt: bedrijven die dit bezwaar als eerste stellen, hebben vaak de beste processen om te automatiseren. Ze denken al in risico's en controles.

Speelt dit bij jullie ook? Vraag het gewoon door in een call van 45 minuten. Als het antwoord je niet bevalt, weet je dat ook.

#AVG #EUhosted #AIagents #Compliance #MKB","https://soratus.com/social/03-data-veilig.png","","2026-08-11 08:15"
"Iedereen verkoopt ""in 14 dagen live"". Niemand praat over dag 15.

Wij ook niet, tot voor kort. Dus even eerlijk.

Veertien dagen tot een werkende eerste versie is het makkelijke deel. Het echte werk begint als het in gebruik is. Dan blijkt wat je vergeten was, dan verandert er iets in de markt, dan kan er iets wat vorig kwartaal nog niet kon.

Een project dat op dag 14 stopt levert je op wat je een half jaar eerder had bedacht.

Daarom hebben we het anders ingericht. Eén vast aanspreekpunt dat je systemen kent. Periodiek een gesprek met vier vaste delen: wat hebben we gedaan, wat komt eraan, wat pakken we op, en jij beslist. Een jaarplan dat we elke periode bijstellen in plaats van in januari vastzetten. En een dashboard waarin je zelf ziet wat er loopt en wat op de backlog staat.

Jij bepaalt waar de uren naartoe gaan. Support, doorontwikkeling of AI. Elke keer opnieuw.

Betrokkenheid is het product. De uren zijn het middel.

Sta jij op zo'n tweesprong? Ik denk graag een keer met je mee, zonder verkooppraat.

#AIagents #Softwareontwikkeling #MKB #Partnerschap","https://soratus.com/social/04-dag-15.png","","2026-08-13 08:15"
"Onze agent handelde 6 van de 8 bevindingen zelf af. De andere 2 legde hij terug met een vraag.

Dat tweede is waarom een klant hem vertrouwt.

Bij elke afwijking die de agent vindt, zet hij erbij hoe zeker hij is. Boven 80 procent handelt hij het af. Daaronder doet hij niets en stelt hij een vraag.

Een paar echte voorbeelden uit één run.

Dubbele declaratie onder hetzelfde nummer, eerste al uitbetaald. 98 procent zeker. Laten vervallen, zelf afgehandeld.

Bedrag van 8.950 euro voor een verrichting die 89,50 kost. 97 procent zeker. Kommafout, correctie klaargezet.

Polisnummer ongeldig, maar er staat geen correct nummer in de gegevens. 61 procent. Vraag terug: navragen bij de verzekeraar, of laten vervallen?

Die grens is het verschil tussen een hulpmiddel dat je vertrouwt en een zwarte doos die je alsnog helemaal moet nakijken.

Een agent die altijd doorpakt is makkelijk te bouwen. Een agent die weet wanneer hij moet stoppen is het werk waard.

Waar zou jij die grens leggen?

#AIagents #Automatisering #Vertrouwen #MKB","https://soratus.com/img/cases/declaraties-agent.png","","2026-08-18 08:15"
"Geen offertes van veertig pagina's. Geen discovery phase van drie maanden.

Zo werkt het bij ons, in vier stappen.

Dag 1. Eén gesprek van 45 minuten. Wij stellen vragen, jij vertelt wat pijn doet. Geen powerpoint.

Dag 2 tot 3. Je krijgt een blauwdruk, een werkend prototype en een vaste prijs. Ja of nee, klaar. Geen uurtje-factuurtje waarbij de rekening pas na drie maanden duidelijk wordt.

Dag 4 tot 14. We bouwen in de open. Dagelijkse updates, je ziet het groeien, je stuurt waar het nodig is. Geen verrassing bij de oplevering, want je hebt elke dag meegekeken.

Dag 15 en verder. Live, je team getraind, en wij blijven meelopen.

Waarom die vaste prijs? Omdat het risico bij ons hoort te liggen en niet bij jou. Als wij ons vergissen in de complexiteit, is dat ons probleem.

Wat het niet is: een garantie dat alles in veertien dagen af is. Het is een garantie dat je binnen veertien dagen iets werkends in handen hebt waarmee je kunt beslissen of je doorgaat.

Zou dat helpen bij iets waar je nu op zit te wachten?

#Softwareontwikkeling #VastePrijs #AIagents #MKB","https://soratus.com/social/06-vier-stappen.png","","2026-08-20 08:15"
"""Dat soort AI is voor grote bedrijven."" Dat hoor ik vaak. Het is precies omgekeerd.

Wij bouwen voor de Tweede Kamer en de Eerste Kamer. Ook voor UWV en Brunel. Mooie namen, en het klopt dat daar de grote trajecten zitten.

Maar de twee projecten waar ik het meest enthousiast over ben, kwamen van een zorgpraktijk en een accountantskantoor.

Bij de zorgpraktijk ging het om declaraties matchen met betalingen. 400 uur per jaar aan uitzoekwerk, weg. Bij het accountantskantoor stond een tool klaar die een ton aan licentie zou kosten. Die is niet gekomen.

Dat is niet minder indrukwekkend dan een overheidstraject. Dat is meer, want de impact is direct voelbaar. In een organisatie van tien mensen is 400 uur per jaar geen efficiencyslag. Dat is een halve kracht die weer aan het echte werk kan.

Grote organisaties hebben budget en tijd om iets uit te zitten. Bij een MKB-bedrijf moet het binnen weken werken. Dat is niet moeilijker, dat vraagt alleen andere keuzes.

Zit er bij jou zo'n stuk werk dat elke maand terugkomt? Vertel het me, ik zeg eerlijk of een agent het aankan.

#MKB #AIagents #Automatisering #Nederland","https://soratus.com/social/07-ook-mkb.png","","2026-08-25 08:15"
"Software laten bouwen is voorbij. Dat klinkt als een marketingregel. Ik bedoel het letterlijk.

Twintig jaar lang was software een ding dat je liet maken. Je schreef op wat het moest doen, iemand bouwde het, en daarna stond het er. Onderhoud betekende bugs oplossen.

Dat model kraakt. Niet omdat AI de programmeurs vervangt, maar omdat wat er mogelijk is nu elk kwartaal verschuift. Wie in januari vastlegt wat het systeem moet doen, bouwt in juni iets wat achterhaald is.

Wat je vandaag maakt, is geen product meer. Het is een startpunt.

Daarom bouwen wij agents in plaats van formulieren. Een agent kijkt naar je gegevens, stelt een diagnose, draagt een vervolgstap aan en zegt hoe zeker hij is. Als de omstandigheden veranderen, verandert zijn gedrag mee. Een formulier doet dat niet.

En daarom stopt ons werk niet bij de oplevering. Software die zichzelf moet blijven aanpassen heeft iemand nodig die meekijkt.

Ik ben nieuwsgierig naar de tegenspraak. Waar zie jij dat dit niet opgaat?

#AI #Softwareontwikkeling #Visie #MKB","https://soratus.com/social/08-voorbij.png","","2026-08-27 08:15"
